1308,John,Doe,120 jefferson st.,8075
1309,Jack,McGinnis,220 hobo Av.,9119
1310,"John ""Da Man""",Repici,120 Jefferson St.,8075
1311,Stephen,Tyler,"7452 Terrace ""At the Plaza"" road",91234
1312,"Joan ""the bone"", Anne",Blankman,"9th, at Terrace plc",298
1313,John,Doe,120 jefferson st.,8075
1314,Jack,McGinnis,220 hobo Av.,9119
1315,"John ""Da Man""",Repici,120 Jefferson St.,8075
1316,Stephen,Tyler,"7452 Terrace ""At the Plaza"" road",91234
1317,"Joan ""the bone"", Anne",Blankman,"9th, at Terrace plc",298
1318,John,Doe,120 jefferson st.,8075
1319,Jack,McGinnis,220 hobo Av.,9119
1320,"John ""Da Man""",Repici,120 Jefferson St.,8075
1321,Stephen,Tyler,"7452 Terrace ""At the Plaza"" road",91234
1322,"Joan ""the bone"", Anne",Blankman,"9th, at Terrace plc",298
1323,John,Doe,120 jefferson st.,8075
1324,Jack,McGinnis,220 hobo Av.,9119
1325,"John ""Da Man""",Repici,120 Jefferson St.,8075
1326,Stephen,Tyler,"7452 Terrace ""At the Plaza"" road",91234
1327,"Joan ""the bone"", Anne",Blankman,"9th, at Terrace plc",298
1328,John,Doe,120 jefferson st.,8075
1329,Jack,McGinnis,220 hobo Av.,9119
1330,"John ""Da Man""",Repici,120 Jefferson St.,8075
1331,Stephen,Tyler,"7452 Terrace ""At the Plaza"" road",91234
1332,"Joan ""the bone"", Anne",Blankman,"9th, at Terrace plc",298
1333,John,Doe,120 jefferson st.,8075
1334,Jack,McGinnis,220 hobo Av.,9119
1335,"John ""Da Man""",Repici,120 Jefferson St.,8075
1336,Stephen,Tyler,"7452 Terrace ""At the Plaza"" road",91234
1337,"Joan ""the bone"", Anne",Blankman,"9th, at Terrace plc",298
1338,John,Doe,120 jefferson st.,8075
1339,Jack,McGinnis,220 hobo Av.,9119
1340,"John ""Da Man""",Repici,120 Jefferson St.,8075
1341,Stephen,Tyler,"7452 Terrace ""At the Plaza"" road",91234
1342,"Joan ""the bone"", Anne",Blankman,"9th, at Terrace plc",298
1343,John,Doe,120 jefferson st.,8075
1344,Jack,McGinnis,220 hobo Av.,9119
1345,"John ""Da Man""",Repici,120 Jefferson St.,8075
1346,Stephen,Tyler,"7452 Terrace ""At the Plaza"" road",91234
1347,"Joan ""the bone"", Anne",Blankman,"9th, at Terrace plc",298
1348,John,Doe,120 jefferson st.,8075
1349,Jack,McGinnis,220 hobo Av.,9119
1350,"John ""Da Man""",Repici,120 Jefferson St.,8075
1351,Stephen,Tyler,"7452 Terrace ""At the Plaza"" road",91234
1352,"Joan ""the bone"", Anne",Blankman,"9th, at Terrace plc",298
1353,John,Doe,120 jefferson st.,8075
1354,Jack,McGinnis,220 hobo Av.,9119
1355,"John ""Da Man""",Repici,120 Jefferson St.,8075
1356,Stephen,Tyler,"7452 Terrace ""At the Plaza"" road",91234
1357,"Joan ""the bone"", Anne",Blankman,"9th, at Terrace plc",298
1358,John,Doe,120 jefferson st.,8075
1359,Jack,McGinnis,220 hobo Av.,9119
1360,"John ""Da Man""",Repici,120 Jefferson St.,8075
1361,Stephen,Tyler,"7452 Terrace ""At the Plaza"" road",91234
1362,"Joan ""the bone"", Anne",Blankman,"9th, at Terrace plc",298
1363,John,Doe,120 jefferson st.,8075
1364,Jack,McGinnis,220 hobo Av.,9119
1365,"John ""Da Man""",Repici,120 Jefferson St.,8075
1366,Stephen,Tyler,"7452 Terrace ""At the Plaza"" road",91234
1367,"Joan ""the bone"", Anne",Blankman,"9th, at Terrace plc",298
1368,John,Doe,120 jefferson st.,8075
1369,Jack,McGinnis,220 hobo Av.,9119
1370,"John ""Da Man""",Repici,120 Jefferson St.,8075
1371,Stephen,Tyler,"7452 Terrace ""At the Plaza"" road",91234
1372,"Joan ""the bone"", Anne",Blankman,"9th, at Terrace plc",298
1373,John,Doe,120 jefferson st.,8075
1374,Jack,McGinnis,220 hobo Av.,9119
1375,"John ""Da Man""",Repici,120 Jefferson St.,8075
1376,Stephen,Tyler,"7452 Terrace ""At the Plaza"" road",91234
1377,"Joan ""the bone"", Anne",Blankman,"9th, at Terrace plc",298
1378,John,Doe,120 jefferson st.,8075
1379,Jack,McGinnis,220 hobo Av.,9119
1380,"John ""Da Man""",Repici,120 Jefferson St.,8075
1381,Stephen,Tyler,"7452 Terrace ""At the Plaza"" road",91234
1382,"Joan ""the bone"", Anne",Blankman,"9th, at Terrace plc",298
1383,John,Doe,120 jefferson st.,8075
1384,Jack,McGinnis,220 hobo Av.,9119
1385,"John ""Da Man""",Repici,120 Jefferson St.,8075
1386,Stephen,Tyler,"7452 Terrace ""At the Plaza"" road",91234
1387,"Joan ""the bone"", Anne",Blankman,"9th, at Terrace plc",298
1388,John,Doe,120 jefferson st.,8075
1389,Jack,McGinnis,220 hobo Av.,9119
1390,"John ""Da Man""",Repici,120 Jefferson St.,8075
1391,Stephen,Tyler,"7452 Terrace ""At the Plaza"" road",91234
1392,"Joan ""the bone"", Anne",Blankman,"9th, at Terrace plc",298
1393,John,Doe,120 jefferson st.,8075
1394,Jack,McGinnis,220 hobo Av.,9119
1395,"John ""Da Man""",Repici,120 Jefferson St.,8075
1396,Stephen,Tyler,"7452 Terrace ""At the Plaza"" road",91234
1397,"Joan ""the bone"", Anne",Blankman,"9th, at Terrace plc",298
1398,John,Doe,120 jefferson st.,8075
1399,Jack,McGinnis,220 hobo Av.,9119
1400,"John ""Da Man""",Repici,120 Jefferson St.,8075
1401,Stephen,Tyler,"7452 Terrace ""At the Plaza"" road",91234
1402,"Joan ""the bone"", Anne",Blankman,"9th, at Terrace plc",298
1403,John,Doe,120 jefferson st.,8075
1404,Jack,McGinnis,220 hobo Av.,9119
1405,"John ""Da Man""",Repici,120 Jefferson St.,8075
1406,Stephen,Tyler,"7452 Terrace ""At the Plaza"" road",91234
1407,"Joan ""the bone"", Anne",Blankman,"9th, at Terrace plc",298
1408,John,Doe,120 jefferson st.,8075
1409,Jack,McGinnis,220 hobo Av.,9119
1410,"John ""Da Man""",Repici,120 Jefferson St.,8075
1411,Stephen,Tyler,"7452 Terrace ""At the Plaza"" road",91234
1412,"Joan ""the bone"", Anne",Blankman,"9th, at Terrace plc",298
1413,John,Doe,120 jefferson st.,8075
1414,Jack,McGinnis,220 hobo Av.,9119
1415,"John ""Da Man""",Repici,120 Jefferson St.,8075
1416,Stephen,Tyler,"7452 Terrace ""At the Plaza"" road",91234
1417,"Joan ""the bone"", Anne",Blankman,"9th, at Terrace plc",298
1418,John,Doe,120 jefferson st.,8075
1419,Jack,McGinnis,220 hobo Av.,9119
1420,"John ""Da Man""",Repici,120 Jefferson St.,8075
1421,Stephen,Tyler,"7452 Terrace ""At the Plaza"" road",91234
1422,"Joan ""the bone"", Anne",Blankman,"9th, at Terrace plc",298
1423,John,Doe,120 jefferson st.,8075
1424,Jack,McGinnis,220 hobo Av.,9119
1425,"John ""Da Man""",Repici,120 Jefferson St.,8075
1426,Stephen,Tyler,"7452 Terrace ""At the Plaza"" road",91234
1427,"Joan ""the bone"", Anne",Blankman,"9th, at Terrace plc",298
1428,John,Doe,120 jefferson st.,8075
1429,Jack,McGinnis,220 hobo Av.,9119
1430,"John ""Da Man""",Repici,120 Jefferson St.,8075
1431,Stephen,Tyler,"7452 Terrace ""At the Plaza"" road",91234
1432,"Joan ""the bone"", Anne",Blankman,"9th, at Terrace plc",298
1433,John,Doe,120 jefferson st.,8075
1434,Jack,McGinnis,220 hobo Av.,9119
1435,"John ""Da Man""",Repici,120 Jefferson St.,8075
1436,Stephen,Tyler,"7452 Terrace ""At the Plaza"" road",91234
1437,"Joan ""the bone"", Anne",Blankman,"9th, at Terrace plc",298
1438,John,Doe,120 jefferson st.,8075
1439,Jack,McGinnis,220 hobo Av.,9119
1440,"John ""Da Man""",Repici,120 Jefferson St.,8075
1441,Stephen,Tyler,"7452 Terrace ""At the Plaza"" road",91234
1442,"Joan ""the bone"", Anne",Blankman,"9th, at Terrace plc",298
1443,John,Doe,120 jefferson st.,8075
1444,Jack,McGinnis,220 hobo Av.,9119
1445,"John ""Da Man""",Repici,120 Jefferson St.,8075
1446,Stephen,Tyler,"7452 Terrace ""At the Plaza"" road",91234
1447,"Joan ""the bone"", Anne",Blankman,"9th, at Terrace plc",298
1448,John,Doe,120 jefferson st.,8075
1449,Jack,McGinnis,220 hobo Av.,9119
1450,"John ""Da Man""",Repici,120 Jefferson St.,8075
1451,Stephen,Tyler,"7452 Terrace ""At the Plaza"" road",91234
1452,"Joan ""the bone"", Anne",Blankman,"9th, at Terrace plc",298
1453,John,Doe,120 jefferson st.,8075
1454,Jack,McGinnis,220 hobo Av.,9119
1455,"John ""Da Man""",Repici,120 Jefferson St.,8075
1456,Stephen,Tyler,"7452 Terrace ""At the Plaza"" road",91234
1457,"Joan ""the bone"", Anne",Blankman,"9th, at Terrace plc",298
1458,John,Doe,120 jefferson st.,8075
1459,Jack,McGinnis,220 hobo Av.,9119
1460,"John ""Da Man""",Repici,120 Jefferson St.,8075
1461,Stephen,Tyler,"7452 Terrace ""At the Plaza"" road",91234
1462,"Joan ""the bone"", Anne",Blankman,"9th, at Terrace plc",298
1463,John,Doe,120 jefferson st.,8075
1464,Jack,McGinnis,220 hobo Av.,9119
1465,"John ""Da Man""",Repici,120 Jefferson St.,8075
1466,Stephen,Tyler,"7452 Terrace ""At the Plaza"" road",91234
1467,"Joan ""the bone"", Anne",Blankman,"9th, at Terrace plc",298
1468,John,Doe,120 jefferson st.,8075
1469,Jack,McGinnis,220 hobo Av.,9119
1470,"John ""Da Man""",Repici,120 Jefferson St.,8075
1471,Stephen,Tyler,"7452 Terrace ""At the Plaza"" road",91234
1472,"Joan ""the bone"", Anne",Blankman,"9th, at Terrace plc",298
1473,John,Doe,120 jefferson st.,8075
1474,Jack,McGinnis,220 hobo Av.,9119
1475,"John ""Da Man""",Repici,120 Jefferson St.,8075
1476,Stephen,Tyler,"7452 Terrace ""At the Plaza"" road",91234
1477,"Joan ""the bone"", Anne",Blankman,"9th, at Terrace plc",298
1478,John,Doe,120 jefferson st.,8075
1479,Jack,McGinnis,220 hobo Av.,9119
1480,"John ""Da Man""",Repici,120 Jefferson St.,8075
1481,Stephen,Tyler,"7452 Terrace ""At the Plaza"" road",91234
1482,"Joan ""the bone"", Anne",Blankman,"9th, at Terrace plc",298
1483,John,Doe,120 jefferson st.,8075
1484,Jack,McGinnis,220 hobo Av.,9119
1485,"John ""Da Man""",Repici,120 Jefferson St.,8075
1486,Stephen,Tyler,"7452 Terrace ""At the Plaza"" road",91234
1487,"Joan ""the bone"", Anne",Blankman,"9th, at Terrace plc",298
1488,John,Doe,120 jefferson st.,8075
1489,Jack,McGinnis,220 hobo Av.,9119
1490,"John ""Da Man""",Repici,120 Jefferson St.,8075
1491,Stephen,Tyler,"7452 Terrace ""At the Plaza"" road",91234
1492,"Joan ""the bone"", Anne",Blankman,"9th, at Terrace plc",298
1493,John,Doe,120 jefferson st.,8075
1494,Jack,McGinnis,220 hobo Av.,9119
1495,"John ""Da Man""",Repici,120 Jefferson St.,8075
1496,Stephen,Tyler,"7452 Terrace ""At the Plaza"" road",91234
1497,"Joan ""the bone"", Anne",Blankman,"9th, at Terrace plc",298
1498,John,Doe,120 jefferson st.,8075
1499,Jack,McGinnis,220 hobo Av.,9119
1500,"John ""Da Man""",Repici,120 Jefferson St.,8075
1501,Stephen,Tyler,"7452 Terrace ""At the Plaza"" road",91234
1502,"Joan ""the bone"", Anne",Blankman,"9th, at Terrace plc",298
1503,John,Doe,120 jefferson st.,8075
1504,Jack,McGinnis,220 hobo Av.,9119
1505,"John ""Da Man""",Repici,120 Jefferson St.,8075
1506,Stephen,Tyler,"7452 Terrace ""At the Plaza"" road",91234
1507,"Joan ""the bone"", Anne",Blankman,"9th, at Terrace plc",298
1508,John,Doe,120 jefferson st.,8075
1509,Jack,McGinnis,220 hobo Av.,9119
1510,"John ""Da Man""",Repici,120 Jefferson St.,8075
1511,Stephen,Tyler,"7452 Terrace ""At the Plaza"" road",91234
1512,"Joan ""the bone"", Anne",Blankman,"9th, at Terrace plc",298
1513,John,Doe,120 jefferson st.,8075
1514,Jack,McGinnis,220 hobo Av.,9119
1515,"John ""Da Man""",Repici,120 Jefferson St.,8075
1516,Stephen,Tyler,"7452 Terrace ""At the Plaza"" road",91234
1517,"Joan ""the bone"", Anne",Blankman,"9th, at Terrace plc",298
1518,John,Doe,120 jefferson st.,8075
1519,Jack,McGinnis,220 hobo Av.,9119
1520,"John ""Da Man""",Repici,120 Jefferson St.,8075
1521,Stephen,Tyler,"7452 Terrace ""At the Plaza"" road",91234
1522,"Joan ""the bone"", Anne",Blankman,"9th, at Terrace plc",298
1523,John,Doe,120 jefferson st.,8075
1524,Jack,McGinnis,220 hobo Av.,9119
1525,"John ""Da Man""",Repici,120 Jefferson St.,8075
1526,Stephen,Tyler,"7452 Terrace ""At the Plaza"" road",91234
1527,"Joan ""the bone"", Anne",Blankman,"9th, at Terrace plc",298
1528,John,Doe,120 jefferson st.,8075
1529,Jack,McGinnis,220 hobo Av.,9119
1530,"John ""Da Man""",Repici,120 Jefferson St.,8075
1531,Stephen,Tyler,"7452 Terrace ""At the Plaza"" road",91234
1532,"Joan ""the bone"", Anne",Blankman,"9th, at Terrace plc",298
1533,John,Doe,120 jefferson st.,8075
1534,Jack,McGinnis,220 hobo Av.,9119
1535,"John ""Da Man""",Repici,120 Jefferson St.,8075
1536,Stephen,Tyler,"7452 Terrace ""At the Plaza"" road",91234
1537,"Joan ""the bone"", Anne",Blankman,"9th, at Terrace plc",298
1538,John,Doe,120 jefferson st.,8075
1539,Jack,McGinnis,220 hobo Av.,9119
1540,"John ""Da Man""",Repici,120 Jefferson St.,8075
1541,Stephen,Tyler,"7452 Terrace ""At the Plaza"" road",91234
1542,"Joan ""the bone"", Anne",Blankman,"9th, at Terrace plc",298
1543,John,Doe,120 jefferson st.,8075
1544,Jack,McGinnis,220 hobo Av.,9119
1545,"John ""Da Man""",Repici,120 Jefferson St.,8075
1546,Stephen,Tyler,"7452 Terrace ""At the Plaza"" road",91234
1547,"Joan ""the bone"", Anne",Blankman,"9th, at Terrace plc",298
1548,John,Doe,120 jefferson st.,8075
1549,Jack,McGinnis,220 hobo Av.,9119
1550,"John ""Da Man""",Repici,120 Jefferson St.,8075
1551,Stephen,Tyler,"7452 Terrace ""At the Plaza"" road",91234
1552,"Joan ""the bone"", Anne",Blankman,"9th, at Terrace plc",298
1553,John,Doe,120 jefferson st.,8075
1554,Jack,McGinnis,220 hobo Av.,9119
1555,"John ""Da Man""",Repici,120 Jefferson St.,8075
1556,Stephen,Tyler,"7452 Terrace ""At the Plaza"" road",91234
1557,"Joan ""the bone"", Anne",Blankman,"9th, at Terrace plc",298
1558,John,Doe,120 jefferson st.,8075
1559,Jack,McGinnis,220 hobo Av.,9119
1560,"John ""Da Man""",Repici,120 Jefferson St.,8075
1561,Stephen,Tyler,"7452 Terrace ""At the Plaza"" road",91234
1562,"Joan ""the bone"", Anne",Blankman,"9th, at Terrace plc",298
1563,John,Doe,120 jefferson st.,8075
1564,Jack,McGinnis,220 hobo Av.,9119
1565,"John ""Da Man""",Repici,120 Jefferson St.,8075
1566,Stephen,Tyler,"7452 Terrace ""At the Plaza"" road",91234
1567,"Joan ""the bone"", Anne",Blankman,"9th, at Terrace plc",298
1568,John,Doe,120 jefferson st.,8075
1569,Jack,McGinnis,220 hobo Av.,9119
1570,"John ""Da Man""",Repici,120 Jefferson St.,8075
1571,Stephen,Tyler,"7452 Terrace ""At the Plaza"" road",91234
1572,"Joan ""the bone"", Anne",Blankman,"9th, at Terrace plc",298
1573,John,Doe,120 jefferson st.,8075
1574,Jack,McGinnis,220 hobo Av.,9119
1575,"John ""Da Man""",Repici,120 Jefferson St.,8075
1576,Stephen,Tyler,"7452 Terrace ""At the Plaza"" road",91234
1577,"Joan ""the bone"", Anne",Blankman,"9th, at Terrace plc",298
1578,John,Doe,120 jefferson st.,8075
1579,Jack,McGinnis,220 hobo Av.,9119
1580,"John ""Da Man""",Repici,120 Jefferson St.,8075
1581,Stephen,Tyler,"7452 Terrace ""At the Plaza"" road",91234
1582,"Joan ""the bone"", Anne",Blankman,"9th, at Terrace plc",298
1583,John,Doe,120 jefferson st.,8075
1584,Jack,McGinnis,220 hobo Av.,9119
1585,"John ""Da Man""",Repici,120 Jefferson St.,8075
1586,Stephen,Tyler,"7452 Terrace ""At the Plaza"" road",91234
1587,"Joan ""the bone"", Anne",Blankman,"9th, at Terrace plc",298
1588,John,Doe,120 jefferson st.,8075
1589,Jack,McGinnis,220 hobo Av.,9119
1590,"John ""Da Man""",Repici,120 Jefferson St.,8075
1591,Stephen,Tyler,"7452 Terrace ""At the Plaza"" road",91234
1592,"Joan ""the bone"", Anne",Blankman,"9th, at Terrace plc",298
1593,John,Doe,120 jefferson st.,8075
1594,Jack,McGinnis,220 hobo Av.,9119
1595,"John ""Da Man""",Repici,120 Jefferson St.,8075
1596,Stephen,Tyler,"7452 Terrace ""At the Plaza"" road",91234
1597,"Joan ""the bone"", Anne",Blankman,"9th, at Terrace plc",298
1598,John,Doe,120 jefferson st.,8075
1599,Jack,McGinnis,220 hobo Av.,9119
1600,"John ""Da Man""",Repici,120 Jefferson St.,8075
1601,Stephen,Tyler,"7452 Terrace ""At the Plaza"" road",91234
1602,"Joan ""the bone"", Anne",Blankman,"9th, at Terrace plc",298
1603,John,Doe,120 jefferson st.,8075
1604,Jack,McGinnis,220 hobo Av.,9119
1605,"John ""Da Man""",Repici,120 Jefferson St.,8075
1606,Stephen,Tyler,"7452 Terrace ""At the Plaza"" road",91234
1607,"Joan ""the bone"", Anne",Blankman,"9th, at Terrace plc",298
1608,John,Doe,120 jefferson st.,8075
1609,Jack,McGinnis,220 hobo Av.,9119
1610,"John ""Da Man""",Repici,120 Jefferson St.,8075
1611,Stephen,Tyler,"7452 Terrace ""At the Plaza"" road",91234
1612,"Joan ""the bone"", Anne",Blankman,"9th, at Terrace plc",298
1613,John,Doe,120 jefferson st.,8075
1614,Jack,McGinnis,220 hobo Av.,9119
1615,"John ""Da Man""",Repici,120 Jefferson St.,8075
1616,Stephen,Tyler,"7452 Terrace ""At the Plaza"" road",91234
1617,"Joan ""the bone"", Anne",Blankman,"9th, at Terrace plc",298
1618,John,Doe,120 jefferson st.,8075
1619,Jack,McGinnis,220 hobo Av.,9119
1620,"John ""Da Man""",Repici,120 Jefferson St.,8075
1621,Stephen,Tyler,"7452 Terrace ""At the Plaza"" road",91234
1622,"Joan ""the bone"", Anne",Blankman,"9th, at Terrace plc",298
1623,John,Doe,120 jefferson st.,8075
1624,Jack,McGinnis,220 hobo Av.,9119
1625,"John ""Da Man""",Repici,120 Jefferson St.,8075
1626,Stephen,Tyler,"7452 Terrace ""At the Plaza"" road",91234
1627,"Joan ""the bone"", Anne",Blankman,"9th, at Terrace plc",298
1628,John,Doe,120 jefferson st.,8075
1629,Jack,McGinnis,220 hobo Av.,9119
1630,"John ""Da Man""",Repici,120 Jefferson St.,8075
1631,Stephen,Tyler,"7452 Terrace ""At the Plaza"" road",91234
1632,"Joan ""the bone"", Anne",Blankman,"9th, at Terrace plc",298
1633,John,Doe,120 jefferson st.,8075
1634,Jack,McGinnis,220 hobo Av.,9119
1635,"John ""Da Man""",Repici,120 Jefferson St.,8075
1636,Stephen,Tyler,"7452 Terrace ""At the Plaza"" road",91234
1637,"Joan ""the bone"", Anne",Blankman,"9th, at Terrace plc",298
1638,John,Doe,120 jefferson st.,8075
1639,Jack,McGinnis,220 hobo Av.,9119
1640,"John ""Da Man""",Repici,120 Jefferson St.,8075
1641,Stephen,Tyler,"7452 Terrace ""At the Plaza"" road",91234
1642,"Joan ""the bone"", Anne",Blankman,"9th, at Terrace plc",298
1643,John,Doe,120 jefferson st.,8075
1644,Jack,McGinnis,220 hobo Av.,9119
1645,"John ""Da Man""",Repici,120 Jefferson St.,8075
1646,Stephen,Tyler,"7452 Terrace ""At the Plaza"" road",91234
1647,"Joan ""the bone"", Anne",Blankman,"9th, at Terrace plc",298
1648,John,Doe,120 jefferson st.,8075
1649,Jack,McGinnis,220 hobo Av.,9119
1650,"John ""Da Man""",Repici,120 Jefferson St.,8075
1651,Stephen,Tyler,"7452 Terrace ""At the Plaza"" road",91234
1652,"Joan ""the bone"", Anne",Blankman,"9th, at Terrace plc",298
1653,John,Doe,120 jefferson st.,8075
1654,Jack,McGinnis,220 hobo Av.,9119
1655,"John ""Da Man""",Repici,120 Jefferson St.,8075
1656,Stephen,Tyler,"7452 Terrace ""At the Plaza"" road",91234
1657,"Joan ""the bone"", Anne",Blankman,"9th, at Terrace plc",298
1658,John,Doe,120 jefferson st.,8075
1659,Jack,McGinnis,220 hobo Av.,9119
1660,"John ""Da Man""",Repici,120 Jefferson St.,8075
1661,Stephen,Tyler,"7452 Terrace ""At the Plaza"" road",91234
1662,"Joan ""the bone"", Anne",Blankman,"9th, at Terrace plc",298
1663,John,Doe,120 jefferson st.,8075
1664,Jack,McGinnis,220 hobo Av.,9119
1665,"John ""Da Man""",Repici,120 Jefferson St.,8075
1666,Stephen,Tyler,"7452 Terrace ""At the Plaza"" road",91234
1667,"Joan ""the bone"", Anne",Blankman,"9th, at Terrace plc",298
1668,John,Doe,120 jefferson st.,8075
1669,Jack,McGinnis,220 hobo Av.,9119
1670,"John ""Da Man""",Repici,120 Jefferson St.,8075
1671,Stephen,Tyler,"7452 Terrace ""At the Plaza"" road",91234
1672,"Joan ""the bone"", Anne",Blankman,"9th, at Terrace plc",298
1673,John,Doe,120 jefferson st.,8075
1674,Jack,McGinnis,220 hobo Av.,9119
1675,"John ""Da Man""",Repici,120 Jefferson St.,8075
1676,Stephen,Tyler,"7452 Terrace ""At the Plaza"" road",91234
1677,"Joan ""the bone"", Anne",Blankman,"9th, at Terrace plc",298
1678,John,Doe,120 jefferson st.,8075
1679,Jack,McGinnis,220 hobo Av.,9119
1680,"John ""Da Man""",Repici,120 Jefferson St.,8075
1681,Stephen,Tyler,"7452 Terrace ""At the Plaza"" road",91234
1682,"Joan ""the bone"", Anne",Blankman,"9th, at Terrace plc",298
1683,John,Doe,120 jefferson st.,8075
1684,Jack,McGinnis,220 hobo Av.,9119
1685,"John ""Da Man""",Repici,120 Jefferson St.,8075
1686,Stephen,Tyler,"7452 Terrace ""At the Plaza"" road",91234
1687,"Joan ""the bone"", Anne",Blankman,"9th, at Terrace plc",298
1688,John,Doe,120 jefferson st.,8075
1689,Jack,McGinnis,220 hobo Av.,9119
1690,"John ""Da Man""",Repici,120 Jefferson St.,8075
1691,Stephen,Tyler,"7452 Terrace ""At the Plaza"" road",91234
1692,"Joan ""the bone"", Anne",Blankman,"9th, at Terrace plc",298
1693,John,Doe,120 jefferson st.,8075
1694,Jack,McGinnis,220 hobo Av.,9119
1695,"John ""Da Man""",Repici,120 Jefferson St.,8075
1696,Stephen,Tyler,"7452 Terrace ""At the Plaza"" road",91234
1697,"Joan ""the bone"", Anne",Blankman,"9th, at Terrace plc",298
1698,John,Doe,120 jefferson st.,8075
1699,Jack,McGinnis,220 hobo Av.,9119
1700,"John ""Da Man""",Repici,120 Jefferson St.,8075
1701,Stephen,Tyler,"7452 Terrace ""At the Plaza"" road",91234
1702,"Joan ""the bone"", Anne",Blankman,"9th, at Terrace plc",298
1703,John,Doe,120 jefferson st.,8075
1704,Jack,McGinnis,220 hobo Av.,9119
1705,"John ""Da Man""",Repici,120 Jefferson St.,8075
1706,Stephen,Tyler,"7452 Terrace ""At the Plaza"" road",91234
1707,"Joan ""the bone"", Anne",Blankman,"9th, at Terrace plc",298
1708,John,Doe,120 jefferson st.,8075
1709,Jack,McGinnis,220 hobo Av.,9119
1710,"John ""Da Man""",Repici,120 Jefferson St.,8075
1711,Stephen,Tyler,"7452 Terrace ""At the Plaza"" road",91234
1712,"Joan ""the bone"", Anne",Blankman,"9th, at Terrace plc",298
1713,John,Doe,120 jefferson st.,8075
1714,Jack,McGinnis,220 hobo Av.,9119
1715,"John ""Da Man""",Repici,120 Jefferson St.,8075
1716,Stephen,Tyler,"7452 Terrace ""At the Plaza"" road",91234
1717,"Joan ""the bone"", Anne",Blankman,"9th, at Terrace plc",298
1718,John,Doe,120 jefferson st.,8075
1719,Jack,McGinnis,220 hobo Av.,9119
1720,"John ""Da Man""",Repici,120 Jefferson St.,8075
1721,Stephen,Tyler,"7452 Terrace ""At the Plaza"" road",91234
1722,"Joan ""the bone"", Anne",Blankman,"9th, at Terrace plc",298
1723,John,Doe,120 jefferson st.,8075
1724,Jack,McGinnis,220 hobo Av.,9119
1725,"John ""Da Man""",Repici,120 Jefferson St.,8075
1726,Stephen,Tyler,"7452 Terrace ""At the Plaza"" road",91234
1727,"Joan ""the bone"", Anne",Blankman,"9th, at Terrace plc",298
1728,John,Doe,120 jefferson st.,8075
1729,Jack,McGinnis,220 hobo Av.,9119
1730,"John ""Da Man""",Repici,120 Jefferson St.,8075
1731,Stephen,Tyler,"7452 Terrace ""At the Plaza"" road",91234
1732,"Joan ""the bone"", Anne",Blankman,"9th, at Terrace plc",298
1733,John,Doe,120 jefferson st.,8075
1734,Jack,McGinnis,220 hobo Av.,9119
1735,"John ""Da Man""",Repici,120 Jefferson St.,8075
1736,Stephen,Tyler,"7452 Terrace ""At the Plaza"" road",91234
1737,"Joan ""the bone"", Anne",Blankman,"9th, at Terrace plc",298
1738,John,Doe,120 jefferson st.,8075
1739,Jack,McGinnis,220 hobo Av.,9119
1740,"John ""Da Man""",Repici,120 Jefferson St.,8075
1741,Stephen,Tyler,"7452 Terrace ""At the Plaza"" road",91234
1742,"Joan ""the bone"", Anne",Blankman,"9th, at Terrace plc",298
1743,John,Doe,120 jefferson st.,8075
1744,Jack,McGinnis,220 hobo Av.,9119
1745,"John ""Da Man""",Repici,120 Jefferson St.,8075
1746,Stephen,Tyler,"7452 Terrace ""At the Plaza"" road",91234
1747,"Joan ""the bone"", Anne",Blankman,"9th, at Terrace plc",298
1748,John,Doe,120 jefferson st.,8075
1749,Jack,McGinnis,220 hobo Av.,9119
1750,"John ""Da Man""",Repici,120 Jefferson St.,8075
1751,Stephen,Tyler,"7452 Terrace ""At the Plaza"" road",91234
1752,"Joan ""the bone"", Anne",Blankman,"9th, at Terrace plc",298
1753,John,Doe,120 jefferson st.,8075
1754,Jack,McGinnis,220 hobo Av.,9119
1755,"John ""Da Man""",Repici,120 Jefferson St.,8075
1756,Stephen,Tyler,"7452 Terrace ""At the Plaza"" road",91234
1757,"Joan ""the bone"", Anne",Blankman,"9th, at Terrace plc",298
1758,John,Doe,120 jefferson st.,8075
1759,Jack,McGinnis,220 hobo Av.,9119
1760,"John ""Da Man""",Repici,120 Jefferson St.,8075
1761,Stephen,Tyler,"7452 Terrace ""At the Plaza"" road",91234
1762,"Joan ""the bone"", Anne",Blankman,"9th, at Terrace plc",298
1763,John,Doe,120 jefferson st.,8075
1764,Jack,McGinnis,220 hobo Av.,9119
1765,"John ""Da Man""",Repici,120 Jefferson St.,8075
1766,Stephen,Tyler,"7452 Terrace ""At the Plaza"" road",91234
1767,"Joan ""the bone"", Anne",Blankman,"9th, at Terrace plc",298
1768,John,Doe,120 jefferson st.,8075
1769,Jack,McGinnis,220 hobo Av.,9119
1770,"John ""Da Man""",Repici,120 Jefferson St.,8075
1771,Stephen,Tyler,"7452 Terrace ""At the Plaza"" road",91234
1772,"Joan ""the bone"", Anne",Blankman,"9th, at Terrace plc",298
1773,John,Doe,120 jefferson st.,8075
1774,Jack,McGinnis,220 hobo Av.,9119
1775,"John ""Da Man""",Repici,120 Jefferson St.,8075
1776,Stephen,Tyler,"7452 Terrace ""At the Plaza"" road",91234
1777,"Joan ""the bone"", Anne",Blankman,"9th, at Terrace plc",298
1778,John,Doe,120 jefferson st.,8075
1779,Jack,McGinnis,220 hobo Av.,9119
1780,"John ""Da Man""",Repici,120 Jefferson St.,8075
1781,Stephen,Tyler,"7452 Terrace ""At the Plaza"" road",91234
1782,"Joan ""the bone"", Anne",Blankman,"9th, at Terrace plc",298
1783,John,Doe,120 jefferson st.,8075
1784,Jack,McGinnis,220 hobo Av.,9119
1785,"John ""Da Man""",Repici,120 Jefferson St.,8075
1786,Stephen,Tyler,"7452 Terrace ""At the Plaza"" road",91234
1787,"Joan ""the bone"", Anne",Blankman,"9th, at Terrace plc",298
1788,John,Doe,120 jefferson st.,8075
1789,Jack,McGinnis,220 hobo Av.,9119
1790,"John ""Da Man""",Repici,120 Jefferson St.,8075
1791,Stephen,Tyler,"7452 Terrace ""At the Plaza"" road",91234
1792,"Joan ""the bone"", Anne",Blankman,"9th, at Terrace plc",298
1793,John,Doe,120 jefferson st.,8075
1794,Jack,McGinnis,220 hobo Av.,9119
1795,"John ""Da Man""",Repici,120 Jefferson St.,8075
1796,Stephen,Tyler,"7452 Terrace ""At the Plaza"" road",91234
1797,"Joan ""the bone"", Anne",Blankman,"9th, at Terrace plc",298
1798,John,Doe,120 jefferson st.,8075
1799,Jack,McGinnis,220 hobo Av.,9119
1800,"John ""Da Man""",Repici,120 Jefferson St.,8075
1801,Stephen,Tyler,"7452 Terrace ""At the Plaza"" road",91234
1802,"Joan ""the bone"", Anne",Blankman,"9th, at Terrace plc",298
1803,John,Doe,120 jefferson st.,8075
1804,Jack,McGinnis,220 hobo Av.,9119
1805,"John ""Da Man""",Repici,120 Jefferson St.,8075
1806,Stephen,Tyler,"7452 Terrace ""At the Plaza"" road",91234
1807,"Joan ""the bone"", Anne",Blankman,"9th, at Terrace plc",298
1808,John,Doe,120 jefferson st.,8075
1809,Jack,McGinnis,220 hobo Av.,9119
1810,"John ""Da Man""",Repici,120 Jefferson St.,8075
1811,Stephen,Tyler,"7452 Terrace ""At the Plaza"" road",91234
1812,"Joan ""the bone"", Anne",Blankman,"9th, at Terrace plc",298
1813,John,Doe,120 jefferson st.,8075
1814,Jack,McGinnis,220 hobo Av.,9119
1815,"John ""Da Man""",Repici,120 Jefferson St.,8075
1816,Stephen,Tyler,"7452 Terrace ""At the Plaza"" road",91234
1817,"Joan ""the bone"", Anne",Blankman,"9th, at Terrace plc",298
1818,John,Doe,120 jefferson st.,8075
1819,Jack,McGinnis,220 hobo Av.,9119
1820,"John ""Da Man""",Repici,120 Jefferson St.,8075
1821,Stephen,Tyler,"7452 Terrace ""At the Plaza"" road",91234
1822,"Joan ""the bone"", Anne",Blankman,"9th, at Terrace plc",298
1823,John,Doe,120 jefferson st.,8075
1824,Jack,McGinnis,220 hobo Av.,9119
1825,"John ""Da Man""",Repici,120 Jefferson St.,8075
1826,Stephen,Tyler,"7452 Terrace ""At the Plaza"" road",91234
1827,"Joan ""the bone"", Anne",Blankman,"9th, at Terrace plc",298
1828,John,Doe,120 jefferson st.,8075
1829,Jack,McGinnis,220 hobo Av.,9119
1830,"John ""Da Man""",Repici,120 Jefferson St.,8075
1831,Stephen,Tyler,"7452 Terrace ""At the Plaza"" road",91234
1832,"Joan ""the bone"", Anne",Blankman,"9th, at Terrace plc",298
1833,John,Doe,120 jefferson st.,8075
1834,Jack,McGinnis,220 hobo Av.,9119
1835,"John ""Da Man""",Repici,120 Jefferson St.,8075
1836,Stephen,Tyler,"7452 Terrace ""At the Plaza"" road",91234
1837,"Joan ""the bone"", Anne",Blankman,"9th, at Terrace plc",298
1838,John,Doe,120 jefferson st.,8075
1839,Jack,McGinnis,220 hobo Av.,9119
1840,"John ""Da Man""",Repici,120 Jefferson St.,8075
1841,Stephen,Tyler,"7452 Terrace ""At the Plaza"" road",91234
1842,"Joan ""the bone"", Anne",Blankman,"9th, at Terrace plc",298
1843,John,Doe,120 jefferson st.,8075
1844,Jack,McGinnis,220 hobo Av.,9119
1845,"John ""Da Man""",Repici,120 Jefferson St.,8075
1846,Stephen,Tyler,"7452 Terrace ""At the Plaza"" road",91234
1847,"Joan ""the bone"", Anne",Blankman,"9th, at Terrace plc",298
1848,John,Doe,120 jefferson st.,8075
1849,Jack,McGinnis,220 hobo Av.,9119
1850,"John ""Da Man""",Repici,120 Jefferson St.,8075
1851,Stephen,Tyler,"7452 Terrace ""At the Plaza"" road",91234
1852,"Joan ""the bone"", Anne",Blankman,"9th, at Terrace plc",298
1853,John,Doe,120 jefferson st.,8075
1854,Jack,McGinnis,220 hobo Av.,9119
1855,"John ""Da Man""",Repici,120 Jefferson St.,8075
1856,Stephen,Tyler,"7452 Terrace ""At the Plaza"" road",91234
1857,"Joan ""the bone"", Anne",Blankman,"9th, at Terrace plc",298
1858,John,Doe,120 jefferson st.,8075
1859,Jack,McGinnis,220 hobo Av.,9119
1860,"John ""Da Man""",Repici,120 Jefferson St.,8075
1861,Stephen,Tyler,"7452 Terrace ""At the Plaza"" road",91234
1862,"Joan ""the bone"", Anne",Blankman,"9th, at Terrace plc",298
1863,John,Doe,120 jefferson st.,8075
1864,Jack,McGinnis,220 hobo Av.,9119
1865,"John ""Da Man""",Repici,120 Jefferson St.,8075
1866,Stephen,Tyler,"7452 Terrace ""At the Plaza"" road",91234
1867,"Joan ""the bone"", Anne",Blankman,"9th, at Terrace plc",298
1868,John,Doe,120 jefferson st.,8075
1869,Jack,McGinnis,220 hobo Av.,9119
1870,"John ""Da Man""",Repici,120 Jefferson St.,8075
1871,Stephen,Tyler,"7452 Terrace ""At the Plaza"" road",91234
1872,"Joan ""the bone"", Anne",Blankman,"9th, at Terrace plc",298
1873,John,Doe,120 jefferson st.,8075
1874,Jack,McGinnis,220 hobo Av.,9119
1875,"John ""Da Man""",Repici,120 Jefferson St.,8075
1876,Stephen,Tyler,"7452 Terrace ""At the Plaza"" road",91234
1877,"Joan ""the bone"", Anne",Blankman,"9th, at Terrace plc",298
1878,John,Doe,120 jefferson st.,8075
1879,Jack,McGinnis,220 hobo Av.,9119
1880,"John ""Da Man""",Repici,120 Jefferson St.,8075
1881,Stephen,Tyler,"7452 Terrace ""At the Plaza"" road",91234
1882,"Joan ""the bone"", Anne",Blankman,"9th, at Terrace plc",298
1883,John,Doe,120 jefferson st.,8075
1884,Jack,McGinnis,220 hobo Av.,9119
1885,"John ""Da Man""",Repici,120 Jefferson St.,8075
1886,Stephen,Tyler,"7452 Terrace ""At the Plaza"" road",91234
1887,"Joan ""the bone"", Anne",Blankman,"9th, at Terrace plc",298
1888,John,Doe,120 jefferson st.,8075
1889,Jack,McGinnis,220 hobo Av.,9119
1890,"John ""Da Man""",Repici,120 Jefferson St.,8075
1891,Stephen,Tyler,"7452 Terrace ""At the Plaza"" road",91234
1892,"Joan ""the bone"", Anne",Blankman,"9th, at Terrace plc",298
1893,John,Doe,120 jefferson st.,8075
1894,Jack,McGinnis,220 hobo Av.,9119
1895,"John ""Da Man""",Repici,120 Jefferson St.,8075
1896,Stephen,Tyler,"7452 Terrace ""At the Plaza"" road",91234
1897,"Joan ""the bone"", Anne",Blankman,"9th, at Terrace plc",298
1898,John,Doe,120 jefferson st.,8075
1899,Jack,McGinnis,220 hobo Av.,9119
1900,"John ""Da Man""",Repici,120 Jefferson St.,8075
1901,Stephen,Tyler,"7452 Terrace ""At the Plaza"" road",91234
1902,"Joan ""the bone"", Anne",Blankman,"9th, at Terrace plc",298
1903,John,Doe,120 jefferson st.,8075
1904,Jack,McGinnis,220 hobo Av.,9119
1905,"John ""Da Man""",Repici,120 Jefferson St.,8075
1906,Stephen,Tyler,"7452 Terrace ""At the Plaza"" road",91234
1907,"Joan ""the bone"", Anne",Blankman,"9th, at Terrace plc",298
1908,John,Doe,120 jefferson st.,8075
1909,Jack,McGinnis,220 hobo Av.,9119
1910,"John ""Da Man""",Repici,120 Jefferson St.,8075
1911,Stephen,Tyler,"7452 Terrace ""At the Plaza"" road",91234
1912,"Joan ""the bone"", Anne",Blankman,"9th, at Terrace plc",298
1913,John,Doe,120 jefferson st.,8075
1914,Jack,McGinnis,220 hobo Av.,9119
1915,"John ""Da Man""",Repici,120 Jefferson St.,8075
1916,Stephen,Tyler,"7452 Terrace ""At the Plaza"" road",91234
1917,"Joan ""the bone"", Anne",Blankman,"9th, at Terrace plc",298
1918,John,Doe,120 jefferson st.,8075
1919,Jack,McGinnis,220 hobo Av.,9119
1920,"John ""Da Man""",Repici,120 Jefferson St.,8075
1921,Stephen,Tyler,"7452 Terrace ""At the Plaza"" road",91234
1922,"Joan ""the bone"", Anne",Blankman,"9th, at Terrace plc",298
1923,John,Doe,120 jefferson st.,8075
1924,Jack,McGinnis,220 hobo Av.,9119
1925,"John ""Da Man""",Repici,120 Jefferson St.,8075
1926,Stephen,Tyler,"7452 Terrace ""At the Plaza"" road",91234
1927,"Joan ""the bone"", Anne",Blankman,"9th, at Terrace plc",298
1928,John,Doe,120 jefferson st.,8075
1929,Jack,McGinnis,220 hobo Av.,9119
1930,"John ""Da Man""",Repici,120 Jefferson St.,8075
1931,Stephen,Tyler,"7452 Terrace ""At the Plaza"" road",91234
1932,"Joan ""the bone"", Anne",Blankman,"9th, at Terrace plc",298
1933,John,Doe,120 jefferson st.,8075
1934,Jack,McGinnis,220 hobo Av.,9119
1935,"John ""Da Man""",Repici,120 Jefferson St.,8075
1936,Stephen,Tyler,"7452 Terrace ""At the Plaza"" road",91234
1937,"Joan ""the bone"", Anne",Blankman,"9th, at Terrace plc",298
1938,John,Doe,120 jefferson st.,8075
1939,Jack,McGinnis,220 hobo Av.,9119
1940,"John ""Da Man""",Repici,120 Jefferson St.,8075
1941,Stephen,Tyler,"7452 Terrace ""At the Plaza"" road",91234
1942,"Joan ""the bone"", Anne",Blankman,"9th, at Terrace plc",298
1943,John,Doe,120 jefferson st.,8075
1944,Jack,McGinnis,220 hobo Av.,9119
1945,"John ""Da Man""",Repici,120 Jefferson St.,8075
1946,Stephen,Tyler,"7452 Terrace ""At the Plaza"" road",91234
1947,"Joan ""the bone"", Anne",Blankman,"9th, at Terrace plc",298
1948,John,Doe,120 jefferson st.,8075
1949,Jack,McGinnis,220 hobo Av.,9119
1950,"John ""Da Man""",Repici,120 Jefferson St.,8075
1951,Stephen,Tyler,"7452 Terrace ""At the Plaza"" road",91234
1952,"Joan ""the bone"", Anne",Blankman,"9th, at Terrace plc",298
1953,John,Doe,120 jefferson st.,8075
1954,Jack,McGinnis,220 hobo Av.,9119
1955,"John ""Da Man""",Repici,120 Jefferson St.,8075
1956,Stephen,Tyler,"7452 Terrace ""At the Plaza"" road",91234
1957,"Joan ""the bone"", Anne",Blankman,"9th, at Terrace plc",298
1958,John,Doe,120 jefferson st.,8075
1959,Jack,McGinnis,220 hobo Av.,9119
1960,"John ""Da Man""",Repici,120 Jefferson St.,8075
1961,Stephen,Tyler,"7452 Terrace ""At the Plaza"" road",91234
1962,"Joan ""the bone"", Anne",Blankman,"9th, at Terrace plc",298
1963,John,Doe,120 jefferson st.,8075
1964,Jack,McGinnis,220 hobo Av.,9119
1965,"John ""Da Man""",Repici,120 Jefferson St.,8075
1966,Stephen,Tyler,"7452 Terrace ""At the Plaza"" road",91234
1967,"Joan ""the bone"", Anne",Blankman,"9th, at Terrace plc",298
1968,John,Doe,120 jefferson st.,8075
1969,Jack,McGinnis,220 hobo Av.,9119
1970,"John ""Da Man""",Repici,120 Jefferson St.,8075
1971,Stephen,Tyler,"7452 Terrace ""At the Plaza"" road",91234
1972,"Joan ""the bone"", Anne",Blankman,"9th, at Terrace plc",298
1973,John,Doe,120 jefferson st.,8075
1974,Jack,McGinnis,220 hobo Av.,9119
1975,"John ""Da Man""",Repici,120 Jefferson St.,8075
1976,Stephen,Tyler,"7452 Terrace ""At the Plaza"" road",91234
1977,"Joan ""the bone"", Anne",Blankman,"9th, at Terrace plc",298
1978,John,Doe,120 jefferson st.,8075
1979,Jack,McGinnis,220 hobo Av.,9119
1980,"John ""Da Man""",Repici,120 Jefferson St.,8075
1981,Stephen,Tyler,"7452 Terrace ""At the Plaza"" road",91234
1982,"Joan ""the bone"", Anne",Blankman,"9th, at Terrace plc",298
1983,John,Doe,120 jefferson st.,8075
1984,Jack,McGinnis,220 hobo Av.,9119
1985,"John ""Da Man""",Repici,120 Jefferson St.,8075
1986,Stephen,Tyler,"7452 Terrace ""At the Plaza"" road",91234
1987,"Joan ""the bone"", Anne",Blankman,"9th, at Terrace plc",298
1988,John,Doe,120 jefferson st.,8075
1989,Jack,McGinnis,220 hobo Av.,9119
1990,"John ""Da Man""",Repici,120 Jefferson St.,8075
1991,Stephen,Tyler,"7452 Terrace ""At the Plaza"" road",91234
1992,"Joan ""the bone"", Anne",Blankman,"9th, at Terrace plc",298
1993,John,Doe,120 jefferson st.,8075
1994,Jack,McGinnis,220 hobo Av.,9119
1995,"John ""Da Man""",Repici,120 Jefferson St.,8075
1996,Stephen,Tyler,"7452 Terrace ""At the Plaza"" road",91234
1997,"Joan ""the bone"", Anne",Blankman,"9th, at Terrace plc",298
1998,John,Doe,120 jefferson st.,8075
1999,Jack,McGinnis,220 hobo Av.,9119
2000,"John ""Da Man""",Repici,120 Jefferson St.,8075
2001,Stephen,Tyler,"7452 Terrace ""At the Plaza"" road",91234
2002,"Joan ""the bone"", Anne",Blankman,"9th, at Terrace plc",298
2003,John,Doe,120 jefferson st.,8075
2004,Jack,McGinnis,220 hobo Av.,9119
2005,"John ""Da Man""",Repici,120 Jefferson St.,8075
2006,Stephen,Tyler,"7452 Terrace ""At the Plaza"" road",91234
2007,"Joan ""the bone"", Anne",Blankman,"9th, at Terrace plc",298
2008,John,Doe,120 jefferson st.,8075
2009,Jack,McGinnis,220 hobo Av.,9119
2010,"John ""Da Man""",Repici,120 Jefferson St.,8075
2011,Stephen,Tyler,"7452 Terrace ""At the Plaza"" road",91234
2012,"Joan ""the bone"", Anne",Blankman,"9th, at Terrace plc",298
2013,John,Doe,120 jefferson st.,8075
2014,Jack,McGinnis,220 hobo Av.,9119
2015,"John ""Da Man""",Repici,120 Jefferson St.,8075
2016,Stephen,Tyler,"7452 Terrace ""At the Plaza"" road",91234
2017,"Joan ""the bone"", Anne",Blankman,"9th, at Terrace plc",298
2018,John,Doe,120 jefferson st.,8075
2019,Jack,McGinnis,220 hobo Av.,9119
2020,"John ""Da Man""",Repici,120 Jefferson St.,8075
2021,Stephen,Tyler,"7452 Terrace ""At the Plaza"" road",91234
2022,"Joan ""the bone"", Anne",Blankman,"9th, at Terrace plc",298
2023,John,Doe,120 jefferson st.,8075
2024,Jack,McGinnis,220 hobo Av.,9119
2025,"John ""Da Man""",Repici,120 Jefferson St.,8075
2026,Stephen,Tyler,"7452 Terrace ""At the Plaza"" road",91234
2027,"Joan ""the bone"", Anne",Blankman,"9th, at Terrace plc",298
2028,John,Doe,120 jefferson st.,8075
2029,Jack,McGinnis,220 hobo Av.,9119
2030,"John ""Da Man""",Repici,120 Jefferson St.,8075
2031,Stephen,Tyler,"7452 Terrace ""At the Plaza"" road",91234
2032,"Joan ""the bone"", Anne",Blankman,"9th, at Terrace plc",298
2033,John,Doe,120 jefferson st.,8075
2034,Jack,McGinnis,220 hobo Av.,9119
2035,"John ""Da Man""",Repici,120 Jefferson St.,8075
2036,Stephen,Tyler,"7452 Terrace ""At the Plaza"" road",91234
2037,"Joan ""the bone"", Anne",Blankman,"9th, at Terrace plc",298
2038,John,Doe,120 jefferson st.,8075
2039,Jack,McGinnis,220 hobo Av.,9119
2040,"John ""Da Man""",Repici,120 Jefferson St.,8075
2041,Stephen,Tyler,"7452 Terrace ""At the Plaza"" road",91234
2042,"Joan ""the bone"", Anne",Blankman,"9th, at Terrace plc",298
2043,John,Doe,120 jefferson st.,8075
2044,Jack,McGinnis,220 hobo Av.,9119
2045,"John ""Da Man""",Repici,120 Jefferson St.,8075
2046,Stephen,Tyler,"7452 Terrace ""At the Plaza"" road",91234
2047,"Joan ""the bone"", Anne",Blankman,"9th, at Terrace plc",298
2048,John,Doe,120 jefferson st.,8075
2049,Jack,McGinnis,220 hobo Av.,9119
2050,"John ""Da Man""",Repici,120 Jefferson St.,8075
2051,Stephen,Tyler,"7452 Terrace ""At the Plaza"" road",91234
2052,"Joan ""the bone"", Anne",Blankman,"9th, at Terrace plc",298
2053,John,Doe,120 jefferson st.,8075
2054,Jack,McGinnis,220 hobo Av.,9119
2055,"John ""Da Man""",Repici,120 Jefferson St.,8075
2056,Stephen,Tyler,"7452 Terrace ""At the Plaza"" road",91234
2057,"Joan ""the bone"", Anne",Blankman,"9th, at Terrace plc",298
2058,John,Doe,120 jefferson st.,8075
2059,Jack,McGinnis,220 hobo Av.,9119
2060,"John ""Da Man""",Repici,120 Jefferson St.,8075
2061,Stephen,Tyler,"7452 Terrace ""At the Plaza"" road",91234
2062,"Joan ""the bone"", Anne",Blankman,"9th, at Terrace plc",298
2063,John,Doe,120 jefferson st.,8075
2064,Jack,McGinnis,220 hobo Av.,9119
2065,"John ""Da Man""",Repici,120 Jefferson St.,8075
2066,Stephen,Tyler,"7452 Terrace ""At the Plaza"" road",91234
2067,"Joan ""the bone"", Anne",Blankman,"9th, at Terrace plc",298
2068,John,Doe,120 jefferson st.,8075
2069,Jack,McGinnis,220 hobo Av.,9119
2070,"John ""Da Man""",Repici,120 Jefferson St.,8075
2071,Stephen,Tyler,"7452 Terrace ""At the Plaza"" road",91234
2072,"Joan ""the bone"", Anne",Blankman,"9th, at Terrace plc",298
2073,John,Doe,120 jefferson st.,8075
2074,Jack,McGinnis,220 hobo Av.,9119
2075,"John ""Da Man""",Repici,120 Jefferson St.,8075
2076,Stephen,Tyler,"7452 Terrace ""At the Plaza"" road",91234
2077,"Joan ""the bone"", Anne",Blankman,"9th, at Terrace plc",298
2078,John,Doe,120 jefferson st.,8075
2079,Jack,McGinnis,220 hobo Av.,9119
2080,"John ""Da Man""",Repici,120 Jefferson St.,8075
2081,Stephen,Tyler,"7452 Terrace ""At the Plaza"" road",91234
2082,"Joan ""the bone"", Anne",Blankman,"9th, at Terrace plc",298
2083,John,Doe,120 jefferson st.,8075
2084,Jack,McGinnis,220 hobo Av.,9119
2085,"John ""Da Man""",Repici,120 Jefferson St.,8075
2086,Stephen,Tyler,"7452 Terrace ""At the Plaza"" road",91234
2087,"Joan ""the bone"", Anne",Blankman,"9th, at Terrace plc",298
2088,John,Doe,120 jefferson st.,8075
2089,Jack,McGinnis,220 hobo Av.,9119
2090,"John ""Da Man""",Repici,120 Jefferson St.,8075
2091,Stephen,Tyler,"7452 Terrace ""At the Plaza"" road",91234
2092,"Joan ""the bone"", Anne",Blankman,"9th, at Terrace plc",298
2093,John,Doe,120 jefferson st.,8075
2094,Jack,McGinnis,220 hobo Av.,9119
2095,"John ""Da Man""",Repici,120 Jefferson St.,8075
2096,Stephen,Tyler,"7452 Terrace ""At the Plaza"" road",91234
2097,"Joan ""the bone"", Anne",Blankman,"9th, at Terrace plc",298
2098,John,Doe,120 jefferson st.,8075
2099,Jack,McGinnis,220 hobo Av.,9119
2100,"John ""Da Man""",Repici,120 Jefferson St.,8075
2101,Stephen,Tyler,"7452 Terrace ""At the Plaza"" road",91234
2102,"Joan ""the bone"", Anne",Blankman,"9th, at Terrace plc",298
2103,John,Doe,120 jefferson st.,8075
2104,Jack,McGinnis,220 hobo Av.,9119
2105,"John ""Da Man""",Repici,120 Jefferson St.,8075
2106,Stephen,Tyler,"7452 Terrace ""At the Plaza"" road",91234
2107,"Joan ""the bone"", Anne",Blankman,"9th, at Terrace plc",298
2108,Jack,McGinnis,220 hobo Av.,9119
2109,"John ""Da Man""",Repici,120 Jefferson St.,8075
2110,Stephen,Tyler,"7452 Terrace ""At the Plaza"" road",91234
2111,"Joan ""the bone"", Anne",Blankman,"9th, at Terrace plc",298
2112,John,Doe,120 jefferson st.,8075
2113,Jack,McGinnis,220 hobo Av.,9119
2114,"John ""Da Man""",Repici,120 Jefferson St.,8075
2115,Stephen,Tyler,"7452 Terrace ""At the Plaza"" road",91234
2116,"Joan ""the bone"", Anne",Blankman,"9th, at Terrace plc",298
2117,John,Doe,120 jefferson st.,8075
2118,Jack,McGinnis,220 hobo Av.,9119
2119,"John ""Da Man""",Repici,120 Jefferson St.,8075
2120,Stephen,Tyler,"7452 Terrace ""At the Plaza"" road",91234
2121,"Joan ""the bone"", Anne",Blankman,"9th, at Terrace plc",298
2122,John,Doe,120 jefferson st.,8075
2123,Jack,McGinnis,220 hobo Av.,9119
2124,"John ""Da Man""",Repici,120 Jefferson St.,8075
2125,Stephen,Tyler,"7452 Terrace ""At the Plaza"" road",91234
2126,"Joan ""the bone"", Anne",Blankman,"9th, at Terrace plc",298
2127,John,Doe,120 jefferson st.,8075
2128,Jack,McGinnis,220 hobo Av.,9119
2129,"John ""Da Man""",Repici,120 Jefferson St.,8075
2130,Stephen,Tyler,"7452 Terrace ""At the Plaza"" road",91234
2131,"Joan ""the bone"", Anne",Blankman,"9th, at Terrace plc",298
2132,John,Doe,120 jefferson st.,8075
2133,Jack,McGinnis,220 hobo Av.,9119
2134,"John ""Da Man""",Repici,120 Jefferson St.,8075
2135,Stephen,Tyler,"7452 Terrace ""At the Plaza"" road",91234
2136,"Joan ""the bone"", Anne",Blankman,"9th, at Terrace plc",298
2137,John,Doe,120 jefferson st.,8075
2138,Jack,McGinnis,220 hobo Av.,9119
2139,"John ""Da Man""",Repici,120 Jefferson St.,8075
2140,Stephen,Tyler,"7452 Terrace ""At the Plaza"" road",91234
2141,"Joan ""the bone"", Anne",Blankman,"9th, at Terrace plc",298
2142,John,Doe,120 jefferson st.,8075
2143,Jack,McGinnis,220 hobo Av.,9119
2144,"John ""Da Man""",Repici,120 Jefferson St.,8075
2145,Stephen,Tyler,"7452 Terrace ""At the Plaza"" road",91234
2146,"Joan ""the bone"", Anne",Blankman,"9th, at Terrace plc",298
2147,John,Doe,120 jefferson st.,8075
2148,Jack,McGinnis,220 hobo Av.,9119
2149,"John ""Da Man""",Repici,120 Jefferson St.,8075
2150,Stephen,Tyler,"7452 Terrace ""At the Plaza"" road",91234
2151,"Joan ""the bone"", Anne",Blankman,"9th, at Terrace plc",298
2152,John,Doe,120 jefferson st.,8075
2153,Jack,McGinnis,220 hobo Av.,9119
2154,"John ""Da Man""",Repici,120 Jefferson St.,8075
2155,Stephen,Tyler,"7452 Terrace ""At the Plaza"" road",91234
2156,"Joan ""the bone"", Anne",Blankman,"9th, at Terrace plc",298
2157,John,Doe,120 jefferson st.,8075
2158,Jack,McGinnis,220 hobo Av.,9119
2159,"John ""Da Man""",Repici,120 Jefferson St.,8075
2160,Stephen,Tyler,"7452 Terrace ""At the Plaza"" road",91234
2161,"Joan ""the bone"", Anne",Blankman,"9th, at Terrace plc",298
2162,John,Doe,120 jefferson st.,8075
2163,Jack,McGinnis,220 hobo Av.,9119
2164,"John ""Da Man""",Repici,120 Jefferson St.,8075
2165,Stephen,Tyler,"7452 Terrace ""At the Plaza"" road",91234
2166,"Joan ""the bone"", Anne",Blankman,"9th, at Terrace plc",298
2167,John,Doe,120 jefferson st.,8075
2168,Jack,McGinnis,220 hobo Av.,9119
2169,"John ""Da Man""",Repici,120 Jefferson St.,8075
2170,Stephen,Tyler,"7452 Terrace ""At the Plaza"" road",91234
2171,"Joan ""the bone"", Anne",Blankman,"9th, at Terrace plc",298
2172,John,Doe,120 jefferson st.,8075
2173,Jack,McGinnis,220 hobo Av.,9119
2174,"John ""Da Man""",Repici,120 Jefferson St.,8075
2175,Stephen,Tyler,"7452 Terrace ""At the Plaza"" road",91234
2176,"Joan ""the bone"", Anne",Blankman,"9th, at Terrace plc",298
2177,John,Doe,120 jefferson st.,8075
2178,Jack,McGinnis,220 hobo Av.,9119
2179,"John ""Da Man""",Repici,120 Jefferson St.,8075
2180,Stephen,Tyler,"7452 Terrace ""At the Plaza"" road",91234
2181,"Joan ""the bone"", Anne",Blankman,"9th, at Terrace plc",298
2182,John,Doe,120 jefferson st.,8075
2183,Jack,McGinnis,220 hobo Av.,9119
2184,"John ""Da Man""",Repici,120 Jefferson St.,8075
2185,Stephen,Tyler,"7452 Terrace ""At the Plaza"" road",91234
2186,"Joan ""the bone"", Anne",Blankman,"9th, at Terrace plc",298
2187,John,Doe,120 jefferson st.,8075
2188,Jack,McGinnis,220 hobo Av.,9119
2189,"John ""Da Man""",Repici,120 Jefferson St.,8075
2190,Stephen,Tyler,"7452 Terrace ""At the Plaza"" road",91234
2191,"Joan ""the bone"", Anne",Blankman,"9th, at Terrace plc",298
2192,John,Doe,120 jefferson st.,8075
2193,Jack,McGinnis,220 hobo Av.,9119
2194,"John ""Da Man""",Repici,120 Jefferson St.,8075
2195,Stephen,Tyler,"7452 Terrace ""At the Plaza"" road",91234
2196,"Joan ""the bone"", Anne",Blankman,"9th, at Terrace plc",298
2197,John,Doe,120 jefferson st.,8075
2198,Jack,McGinnis,220 hobo Av.,9119
2199,"John ""Da Man""",Repici,120 Jefferson St.,8075
2200,Stephen,Tyler,"7452 Terrace ""At the Plaza"" road",91234
2201,"Joan ""the bone"", Anne",Blankman,"9th, at Terrace plc",298
2202,John,Doe,120 jefferson st.,8075
2203,Jack,McGinnis,220 hobo Av.,9119
2204,"John ""Da Man""",Repici,120 Jefferson St.,8075
2205,Stephen,Tyler,"7452 Terrace ""At the Plaza"" road",91234
2206,"Joan ""the bone"", Anne",Blankman,"9th, at Terrace plc",298
2207,John,Doe,120 jefferson st.,8075
2208,Jack,McGinnis,220 hobo Av.,9119
2209,"John ""Da Man""",Repici,120 Jefferson St.,8075
2210,Stephen,Tyler,"7452 Terrace ""At the Plaza"" road",91234
2211,"Joan ""the bone"", Anne",Blankman,"9th, at Terrace plc",298
2212,John,Doe,120 jefferson st.,8075
2213,Jack,McGinnis,220 hobo Av.,9119
2214,"John ""Da Man""",Repici,120 Jefferson St.,8075
2215,Stephen,Tyler,"7452 Terrace ""At the Plaza"" road",91234
2216,"Joan ""the bone"", Anne",Blankman,"9th, at Terrace plc",298
2217,John,Doe,120 jefferson st.,8075
2218,Jack,McGinnis,220 hobo Av.,9119
2219,"John ""Da Man""",Repici,120 Jefferson St.,8075
2220,Stephen,Tyler,"7452 Terrace ""At the Plaza"" road",91234
2221,"Joan ""the bone"", Anne",Blankman,"9th, at Terrace plc",298
2222,John,Doe,120 jefferson st.,8075
2223,Jack,McGinnis,220 hobo Av.,9119
2224,"John ""Da Man""",Repici,120 Jefferson St.,8075
2225,Stephen,Tyler,"7452 Terrace ""At the Plaza"" road",91234
2226,"Joan ""the bone"", Anne",Blankman,"9th, at Terrace plc",298
2227,John,Doe,120 jefferson st.,8075
2228,Jack,McGinnis,220 hobo Av.,9119
2229,"John ""Da Man""",Repici,120 Jefferson St.,8075
2230,Stephen,Tyler,"7452 Terrace ""At the Plaza"" road",91234
2231,"Joan ""the bone"", Anne",Blankman,"9th, at Terrace plc",298
2232,John,Doe,120 jefferson st.,8075
2233,Jack,McGinnis,220 hobo Av.,9119
2234,"John ""Da Man""",Repici,120 Jefferson St.,8075
2235,Stephen,Tyler,"7452 Terrace ""At the Plaza"" road",91234
2236,"Joan ""the bone"", Anne",Blankman,"9th, at Terrace plc",298
2237,John,Doe,120 jefferson st.,8075
2238,Jack,McGinnis,220 hobo Av.,9119
2239,"John ""Da Man""",Repici,120 Jefferson St.,8075
2240,Stephen,Tyler,"7452 Terrace ""At the Plaza"" road",91234
2241,"Joan ""the bone"", Anne",Blankman,"9th, at Terrace plc",298
2242,John,Doe,120 jefferson st.,8075
2243,Jack,McGinnis,220 hobo Av.,9119
2244,"John ""Da Man""",Repici,120 Jefferson St.,8075
2245,Stephen,Tyler,"7452 Terrace ""At the Plaza"" road",91234
2246,"Joan ""the bone"", Anne",Blankman,"9th, at Terrace plc",298
2247,John,Doe,120 jefferson st.,8075
2248,Jack,McGinnis,220 hobo Av.,9119
2249,"John ""Da Man""",Repici,120 Jefferson St.,8075
2250,Stephen,Tyler,"7452 Terrace ""At the Plaza"" road",91234
2251,"Joan ""the bone"", Anne",Blankman,"9th, at Terrace plc",298
2252,John,Doe,120 jefferson st.,8075
2253,Jack,McGinnis,220 hobo Av.,9119
2254,"John ""Da Man""",Repici,120 Jefferson St.,8075
2255,Stephen,Tyler,"7452 Terrace ""At the Plaza"" road",91234
2256,"Joan ""the bone"", Anne",Blankman,"9th, at Terrace plc",298
2257,John,Doe,120 jefferson st.,8075
2258,Jack,McGinnis,220 hobo Av.,9119
2259,"John ""Da Man""",Repici,120 Jefferson St.,8075
2260,Stephen,Tyler,"7452 Terrace ""At the Plaza"" road",91234
2261,"Joan ""the bone"", Anne",Blankman,"9th, at Terrace plc",298
2262,John,Doe,120 jefferson st.,8075
2263,Jack,McGinnis,220 hobo Av.,9119
2264,"John ""Da Man""",Repici,120 Jefferson St.,8075
2265,Stephen,Tyler,"7452 Terrace ""At the Plaza"" road",91234
2266,"Joan ""the bone"", Anne",Blankman,"9th, at Terrace plc",298
2267,John,Doe,120 jefferson st.,8075
2268,Jack,McGinnis,220 hobo Av.,9119
2269,"John ""Da Man""",Repici,120 Jefferson St.,8075
2270,Stephen,Tyler,"7452 Terrace ""At the Plaza"" road",91234
2271,"Joan ""the bone"", Anne",Blankman,"9th, at Terrace plc",298
2272,John,Doe,120 jefferson st.,8075
2273,Jack,McGinnis,220 hobo Av.,9119
2274,"John ""Da Man""",Repici,120 Jefferson St.,8075
2275,Stephen,Tyler,"7452 Terrace ""At the Plaza"" road",91234
2276,"Joan ""the bone"", Anne",Blankman,"9th, at Terrace plc",298
2277,John,Doe,120 jefferson st.,8075
2278,Jack,McGinnis,220 hobo Av.,9119
2279,"John ""Da Man""",Repici,120 Jefferson St.,8075
2280,Stephen,Tyler,"7452 Terrace ""At the Plaza"" road",91234
2281,"Joan ""the bone"", Anne",Blankman,"9th, at Terrace plc",298
2282,John,Doe,120 jefferson st.,8075
2283,Jack,McGinnis,220 hobo Av.,9119
2284,"John ""Da Man""",Repici,120 Jefferson St.,8075
2285,Stephen,Tyler,"7452 Terrace ""At the Plaza"" road",91234
2286,"Joan ""the bone"", Anne",Blankman,"9th, at Terrace plc",298
2287,John,Doe,120 jefferson st.,8075
2288,Jack,McGinnis,220 hobo Av.,9119
2289,"John ""Da Man""",Repici,120 Jefferson St.,8075
2290,Stephen,Tyler,"7452 Terrace ""At the Plaza"" road",91234
2291,"Joan ""the bone"", Anne",Blankman,"9th, at Terrace plc",298
2292,John,Doe,120 jefferson st.,8075
2293,Jack,McGinnis,220 hobo Av.,9119
2294,"John ""Da Man""",Repici,120 Jefferson St.,8075
2295,Stephen,Tyler,"7452 Terrace ""At the Plaza"" road",91234
2296,"Joan ""the bone"", Anne",Blankman,"9th, at Terrace plc",298
2297,John,Doe,120 jefferson st.,8075
2298,Jack,McGinnis,220 hobo Av.,9119
2299,"John ""Da Man""",Repici,120 Jefferson St.,8075
2300,Stephen,Tyler,"7452 Terrace ""At the Plaza"" road",91234
2301,"Joan ""the bone"", Anne",Blankman,"9th, at Terrace plc",298
2302,John,Doe,120 jefferson st.,8075
2303,Jack,McGinnis,220 hobo Av.,9119
2304,"John ""Da Man""",Repici,120 Jefferson St.,8075
2305,Stephen,Tyler,"7452 Terrace ""At the Plaza"" road",91234
2306,"Joan ""the bone"", Anne",Blankman,"9th, at Terrace plc",298
2307,John,Doe,120 jefferson st.,8075
